section,department,agency,subagency_name,subagency_acronym,other_aliases
TAKING THE REINS OF GOVERNMENT,NA,NA,NA,NA,NA
WHITE HOUSE OFFICE,EXECUTIVE OFFICE OF THE PRESIDENT,EOP,WHITE HOUSE OFFICE,NA,NA
CHIEF OF STAFF,EXECUTIVE OFFICE OF THE PRESIDENT,EOP,CHIEF OF STAFF,NA,NA
DEPUTY CHIEFS OF STAFF,EXECUTIVE OFFICE OF THE PRESIDENT,EOP,DEPUTY CHIEFS OF STAFF,NA,NA
PRINCIPAL DEPUTY CHIEFS OF STAFF,EXECUTIVE OFFICE OF THE PRESIDENT,EOP,DEPUTY CHIEFS OF STAFF,NA,NA
SENIOR ADVISERS,EXECUTIVE OFFICE OF THE PRESIDENT,EOP,SENIOR ADVISERS,NA,NA
OFFICE OF WHITE HOUSE COUNSEL,EXECUTIVE OFFICE OF THE PRESIDENT,EOP,OFFICE OF WHITE HOUSE COUNSEL,NA,NA
OFFICE OF WHITE HOUSE COUNSEL,EXECUTIVE OFFICE OF THE PRESIDENT,EOP,OFFICE OF WHITE HOUSE COUNSEL,NA,NA
STAFF SECRETARY,EXECUTIVE OFFICE OF THE PRESIDENT,EOP,STAFF SECRETARY,NA,NA
OFFICE OF COMMUNICATIONS,EXECUTIVE OFFICE OF THE PRESIDENT,EOP,OFFICE OF COMMUNICATIONS,NA,NA
OFFICE OF LEGISLATIVE AFFAIRS,EXECUTIVE OFFICE OF THE PRESIDENT,EOP,OFFICE OF LEGISLATIVE AFFAIRS,OLA,NA
OFFICE OF PRESIDENTIAL,EXECUTIVE OFFICE OF THE PRESIDENT,EOP,OFFICE OF PRESIDENTIAL PERSONNEL,PPO,NA
PPO,EXECUTIVE OFFICE OF THE PRESIDENT,EOP,OFFICE OF PRESIDENTIAL PERSONNEL,PPO,NA
OFFICE OF POLITICAL AFFAIRS,EXECUTIVE OFFICE OF THE PRESIDENT,EOP,OFFICE OF POLITICAL AFFAIRS,NA,NA
OFFICE OF CABINET AFFAIRS,EXECUTIVE OFFICE OF THE PRESIDENT,EOP,OFFICE OF CABINET AFFAIRS,NA,NA
OFFICE OF PUBLIC LIAISON,EXECUTIVE OFFICE OF THE PRESIDENT,EOP,OFFICE OF PUBLIC LIAISON,OPL,NA
OPL,EXECUTIVE OFFICE OF THE PRESIDENT,EOP,OFFICE OF PUBLIC LIAISON,OPL,NA
OFFICE OF INTERGOVERNMENTAL AFFAIRS,EXECUTIVE OFFICE OF THE PRESIDENT,EOP,OFFICE OF INTERGOVERNMENTAL AFFAIRS,IGA,NA
WHITE HOUSE POLICY COUNCILS,EXECUTIVE OFFICE OF THE PRESIDENT,EOP,EXECUTIVE OFFICE OF THE PRESIDENT,EOP,NA
NA,EXECUTIVE OFFICE OF THE PRESIDENT,EOP,POLICY COORDINATING COMMITTEE,PCC,NA
NA,EXECUTIVE OFFICE OF THE PRESIDENT,EOP,NATIONAL SECURITY COUNCIL,NSC,NA
NA,EXECUTIVE OFFICE OF THE PRESIDENT,EOP,DOMESTIC POLICY COUNCIL,DPC,NA
OFFICE OF THE VICE PRESIDENT,OFFICE OF THE VICE PRESIDENT,OVP,OFFICE OF THE VICE PRESIDENT,NA,NA
OFFICE OF THE LADY/ GENTLEMAN,EXECUTIVE OFFICE OF THE PRESIDENT,EOP,OFFICE OF THE LADY/ GENTLEMAN,NA,NA
EXECUTIVE OFFICE OF THE PRESIDENT,EXECUTIVE OFFICE OF THE PRESIDENT,EOP,EXECUTIVE OFFICE OF THE PRESIDENT,NA,NA
OMB,EXECUTIVE OFFICE OF THE PRESIDENT,EOP,NA,OMB,NA
OFPP,EXECUTIVE OFFICE OF THE PRESIDENT,EOP,NA,OFPP,NA
OPPM,EXECUTIVE OFFICE OF THE PRESIDENT,EOP,NA,OPPM,NA
OFCIO,EXECUTIVE OFFICE OF THE PRESIDENT,EOP,NA,OFCIO,NA
MIAO,EXECUTIVE OFFICE OF THE PRESIDENT,EOP,NA,MIAO,NA
MIAO,EXECUTIVE OFFICE OF THE PRESIDENT,EOP,NA,MIAO,NA
NATIONAL SECURITY COUNCIL,EXECUTIVE OFFICE OF THE PRESIDENT,EOP,NATIONAL SECURITY COUNCIL,NA,NA
NATIONAL SECURITY COUNCIL,EXECUTIVE OFFICE OF THE PRESIDENT,EOP,NATIONAL SECURITY COUNCIL,NA,NA
NATIONAL ECONOMIC COUNCIL,EXECUTIVE OFFICE OF THE PRESIDENT,EOP,NATIONAL ECONOMIC COUNCIL,NEC,NA
OFFICE OF THE,EXECUTIVE OFFICE OF THE PRESIDENT,EOP,EXECUTIVE OFFICE OF THE PRESIDENT,EOP,NA
EOP,EXECUTIVE OFFICE OF THE PRESIDENT,EOP,EXECUTIVE OFFICE OF THE PRESIDENT,EOP,NA
COUNCIL OF ECONOMIC ADVISERS,EXECUTIVE OFFICE OF THE PRESIDENT,EOP,COUNCIL OF ECONOMIC ADVISERS,NA,NA
NATIONAL SPACE COUNCIL,EXECUTIVE OFFICE OF THE PRESIDENT,EOP,NATIONAL SPACE COUNCIL,NA,NA
OFFICE OF SCIENCE AND TECHNOLOGY POLICY,EXECUTIVE OFFICE OF THE PRESIDENT,EOP,OFFICE OF SCIENCE AND TECHNOLOGY POLICY,OSTP,NA
COUNCIL ON ENVIRONMENTAL QUALITY,EXECUTIVE OFFICE OF THE PRESIDENT,EOP,COUNCIL ON ENVIRONMENTAL QUALITY,CEQ,NA
NA,EXECUTIVE OFFICE OF THE PRESIDENT,EOP,COUNCIL ON ENVIRONMENTAL QUALITY,NEPA,NA
OFFICE OF NATIONAL DRUG CONTROL POLICY,EXECUTIVE OFFICE OF THE PRESIDENT,EOP,OFFICE OF NATIONAL DRUG CONTROL POLICY,ONDCP,NA
ONDCP,EXECUTIVE OFFICE OF THE PRESIDENT,ONDCP,OFFICE OF NATIONAL DRUG CONTROL POLICY,ONDCP,NA
GENDER POLICY COUNCIL,EXECUTIVE OFFICE OF THE PRESIDENT,Gender Policy Council,GENDER POLICY COUNCIL,Gender Policy Council,NA
OFFICE OF THE VICE PRESIDENT,OFFICE OF THE VICE PRESIDENT,OVP,OFFICE OF THE VICE PRESIDENT,NA,NA
OFFICE OF THE VICE PRESIDENT,OFFICE OF THE VICE PRESIDENT,OVP,OFFICE OF THE VICE PRESIDENT,NA,NA
CENTRAL PERSONNEL AGENCIES,NA,NA,NA,NA,NA
OPM,OFFICE OF PERSONNEL MANAGEMENT,OPM,OFFICE OF PERSONNEL MANAGEMENT,OPM,NA
OPM,OFFICE OF PERSONNEL MANAGEMENT,OPM,OFFICE OF PERSONNEL MANAGEMENT,OPM,NA
GSA,GENERAL SERVICES ADMINISTRATION,GSA,GENERAL SERVICES ADMINISTRATION,GSA,NA
THE COMMON DEFENSE,DEPARTMENT OF DEFENSE,DOD,DEPARTMENT OF DEFENSE,DOD,NA
THE COMMON DEFENSE,DEPARTMENT OF DEFENSE,DOD,DEPARTMENT OF DEFENSE,DOD,NA
THE COMMON DEFENSE,DEPARTMENT OF DEFENSE,DOD,DEPARTMENT OF DEFENSE,DOD,NA
DOD,DEPARTMENT OF DEFENSE,DOD,DEPARTMENT OF DEFENSE,DOD,NA
DOD,DEPARTMENT OF DEFENSE,DOD,DEPARTMENT OF DEFENSE,DOD,NA
DOD,DEPARTMENT OF DEFENSE,DOD,DEPARTMENT OF DEFENSE,DOD,NA
USCYBERCOM,DEPARTMENT OF DEFENSE,DOD,USCYBERCOM,USCYBERCOM,NA
DOD,DEPARTMENT OF DEFENSE,DOD,DEPARTMENT OF DEFENSE,DOD,NA
DOD,DEPARTMENT OF DEFENSE,DOD,DEPARTMENT OF DEFENSE,DOD,NA
DEPARTMENT OF HOMELAND SECURITY,DEPARTMENT OF HOMELAND SECURITY,DHS,DEPARTMENT OF HOMELAND SECURITY,DHS,NA
DEPARTMENT OF HOMELAND SECURITY,DEPARTMENT OF HOMELAND SECURITY,DHS,DEPARTMENT OF HOMELAND SECURITY,DHS,NA
DEPARTMENT OF HOMELAND SECURITY,DEPARTMENT OF HOMELAND SECURITY,DHS,DEPARTMENT OF HOMELAND SECURITY,DHS,NA
DEPARTMENT OF HOMELAND SECURITY,DEPARTMENT OF HOMELAND SECURITY,DHS,DEPARTMENT OF HOMELAND SECURITY,DHS,NA
DEPARTMENT OF HOMELAND SECURITY,DEPARTMENT OF HOMELAND SECURITY,DHS,DEPARTMENT OF HOMELAND SECURITY,DHS,NA
DEPARTMENT OF HOMELAND SECURITY,DEPARTMENT OF HOMELAND SECURITY,DHS,DEPARTMENT OF HOMELAND SECURITY,DHS,NA
CBP,DEPARTMENT OF HOMELAND SECURITY,DHS,CUSTOMS AND BORDER PROTECTION,CBP,NA
"CBP, ICE",DEPARTMENT OF HOMELAND SECURITY,DHS,IMMIGRATION AND CUSTOMS ENFORCEMENT,ICE,NA
CBP,DEPARTMENT OF HOMELAND SECURITY,DHS,CUSTOMS AND BORDER PROTECTION,CBP,NA
CBP,DEPARTMENT OF HOMELAND SECURITY,DHS,CUSTOMS AND BORDER PROTECTION,CBP,NA
USCIS,DEPARTMENT OF HOMELAND SECURITY,DHS,CUSTOMS AND BORDER PROTECTION,USCIS,NA
USCIS,DEPARTMENT OF HOMELAND SECURITY,DHS,CUSTOMS AND BORDER PROTECTION,USCIS,NA
USCIS,DEPARTMENT OF HOMELAND SECURITY,DHS,CUSTOMS AND BORDER PROTECTION,USCIS,NA
FEDERAL EMERGENCY MANAGEMENT AGENCY,DEPARTMENT OF HOMELAND SECURITY,DHS,FEDERAL EMERGENCY MANAGEMENT AGENCY,FEMA,NA
FEMA,DEPARTMENT OF HOMELAND SECURITY,DHS,FEDERAL EMERGENCY MANAGEMENT AGENCY,FEMA,NA
CYBERSECURITY AND INFRASTRUCTURE SECURITY AGENCY,DEPARTMENT OF HOMELAND SECURITY,DHS,CYBERSECURITY AND INFRASTRUCTURE SECURITY AGENCY,CISA,NA
CISA,DEPARTMENT OF HOMELAND SECURITY,DHS,CYBERSECURITY AND INFRASTRUCTURE SECURITY AGENCY,CISA,NA
CISA,DEPARTMENT OF HOMELAND SECURITY,DHS,CYBERSECURITY AND INFRASTRUCTURE SECURITY AGENCY,CISA,NA
USCG,DEPARTMENT OF HOMELAND SECURITY,DHS,US COAST GAURD,USCG,NA
USSS,DEPARTMENT OF HOMELAND SECURITY,DHS,UNITED STATES SECRET SERVICE,USSS,NA
TRANSPORTATION SECURITY ADMINISTRATION,DEPARTMENT OF HOMELAND SECURITY,DHS,TRANSPORTATION SECURITY ADMINISTRATION,TSA,NA
OFFICE OF INTELLIGENCE AND ANALYSIS,DEPARTMENT OF HOMELAND SECURITY,DHS,OFFICE OF INTELLIGENCE AND ANALYSIS,OIA,NA
OFFICE OF THE GENERAL COUNSEL,DEPARTMENT OF HOMELAND SECURITY,DHS,OFFICE OF THE GENERAL COUNSEL,OGC,NA
DHS OGC,DEPARTMENT OF HOMELAND SECURITY,DHS,OFFICE OF THE GENERAL COUNSEL,OGC,NA
DHS OFFICE OF LEGISLATIVE AFFAIRS,DEPARTMENT OF HOMELAND SECURITY,DHS,DHS OFFICE OF LEGISLATIVE AFFAIRS,DHS,NA
DHS OFFICE OF PUBLIC AFFAIRS (OPA),DEPARTMENT OF HOMELAND SECURITY,DHS,DHS OFFICE OF PUBLIC AFFAIRS,OPA,NA
DHS OFFICE OF PARTNERSHIP AND ENGAGEMENT (OPE),DEPARTMENT OF HOMELAND SECURITY,DHS,DHS OFFICE OF PARTNERSHIP AND ENGAGEMENT,OPE,NA
DHS,DEPARTMENT OF HOMELAND SECURITY,DHS,DHS OFFICE OF PARTNERSHIP AND ENGAGEMENT,DHS,NA
OFFICE OF OPERATIONS COORDINATION,DEPARTMENT OF HOMELAND SECURITY,DHS,OFFICE OF OPERATIONS COORDINATION,OPS,NA
OPS,DEPARTMENT OF HOMELAND SECURITY,DHS,OFFICE OF OPERATIONS COORDINATION,OPS,NA
OFFICE FOR CIVIL RIGHTS AND CIVIL LIBERTIES,DEPARTMENT OF HOMELAND SECURITY,DHS,OFFICE FOR CIVIL RIGHTS AND CIVIL LIBERTIES,CRCL,NA
CRCL,DEPARTMENT OF HOMELAND SECURITY,DHS,OFFICE FOR CIVIL RIGHTS AND CIVIL LIBERTIES,CRCL,NA
OFFICE OF THE IMMIGRATION DETENTION OMBUDSMAN,DEPARTMENT OF HOMELAND SECURITY,DHS,OFFICE OF THE IMMIGRATION DETENTION OMBUDSMAN,OIDO,NA
OIDO,DEPARTMENT OF HOMELAND SECURITY,DHS,OFFICE OF THE IMMIGRATION DETENTION OMBUDSMAN,OIDO,NA
CISOMB,DEPARTMENT OF HOMELAND SECURITY,DHS,OFFICE OF THE CITIZENSHIP AND IMMIGRATION SERVICES OMBUDSMAN,CISOMB,NA
CISOMB,DEPARTMENT OF HOMELAND SECURITY,DHS,OFFICE OF THE CITIZENSHIP AND IMMIGRATION SERVICES OMBUDSMAN,CISOMB,NA
CISOMB,DEPARTMENT OF HOMELAND SECURITY,DHS,OFFICE OF THE CITIZENSHIP AND IMMIGRATION SERVICES OMBUDSMAN,CISOMB,NA
CISOMB,DEPARTMENT OF HOMELAND SECURITY,DHS,OFFICE OF THE CITIZENSHIP AND IMMIGRATION SERVICES OMBUDSMAN,CISOMB,NA
CISOMB,DEPARTMENT OF HOMELAND SECURITY,DHS,OFFICE OF THE CITIZENSHIP AND IMMIGRATION SERVICES OMBUDSMAN,CISOMB,NA
CISOMB,DEPARTMENT OF HOMELAND SECURITY,DHS,OFFICE OF THE CITIZENSHIP AND IMMIGRATION SERVICES OMBUDSMAN,CISOMB,NA
CISOMB,DEPARTMENT OF HOMELAND SECURITY,DHS,OFFICE OF THE CITIZENSHIP AND IMMIGRATION SERVICES OMBUDSMAN,CISOMB,NA
CISOMB,DEPARTMENT OF HOMELAND SECURITY,DHS,OFFICE OF THE CITIZENSHIP AND IMMIGRATION SERVICES OMBUDSMAN,CISOMB,NA
CISOMB,DEPARTMENT OF HOMELAND SECURITY,DHS,OFFICE OF THE CITIZENSHIP AND IMMIGRATION SERVICES OMBUDSMAN,CISOMB,NA
CISOMB,DEPARTMENT OF HOMELAND SECURITY,DHS,OFFICE OF THE CITIZENSHIP AND IMMIGRATION SERVICES OMBUDSMAN,CISOMB,NA
DEPARTMENT OF STATE,DEPARTMENT OF STATE,State Department,DEPARTMENT OF STATE,State Department,NA
DEPARTMENT OF STATE,DEPARTMENT OF STATE,State Department,DEPARTMENT OF STATE,State Department,NA
DEPARTMENT OF STATE,DEPARTMENT OF STATE,State Department,DEPARTMENT OF STATE,State Department,NA
INTERNATIONAL ORGANIZATIONS,DEPARTMENT OF STATE,State Department,DEPARTMENT OF STATE,State Department,NA
INTERNATIONAL ORGANIZATIONS,DEPARTMENT OF STATE,State Department,DEPARTMENT OF STATE,State Department,NA
INTERNATIONAL ORGANIZATIONS,DEPARTMENT OF STATE,State Department,DEPARTMENT OF STATE,State Department,NA
INTELLIGENCE COMMUNITY,OFFICE OF THE DIRECTOR OF NATIONAL INTELLIGENCE,ODNI,OFFICE OF THE DIRECTOR OF NATIONAL INTELLIGENCE,ODNI,NA
OFFICE OF THE DIRECTOR OF NATIONAL INTELLIGENCE,OFFICE OF THE DIRECTOR OF NATIONAL INTELLIGENCE,ODNI,OFFICE OF THE DIRECTOR OF NATIONAL INTELLIGENCE,ODNI,NA
OFFICE OF THE DIRECTOR OF NATIONAL INTELLIGENCE,OFFICE OF THE DIRECTOR OF NATIONAL INTELLIGENCE,ODNI,OFFICE OF THE DIRECTOR OF NATIONAL INTELLIGENCE,ODNI,NA
IRTPA,OFFICE OF THE DIRECTOR OF NATIONAL INTELLIGENCE,ODNI,OFFICE OF THE DIRECTOR OF NATIONAL INTELLIGENCE,ODNI,NA
CENTRAL INTELLIGENCE AGENCY,OFFICE OF THE DIRECTOR OF NATIONAL INTELLIGENCE,CIA,CENTRAL INTELLIGENCE AGENCY,CIA,NA
ODNI AND CIA,OFFICE OF THE DIRECTOR OF NATIONAL INTELLIGENCE,ODNI,OFFICE OF THE DIRECTOR OF NATIONAL INTELLIGENCE,ODNI,NA
ODNI AND CIA,OFFICE OF THE DIRECTOR OF NATIONAL INTELLIGENCE,ODNI,OFFICE OF THE DIRECTOR OF NATIONAL INTELLIGENCE,ODNI,NA
CHINA,NA,NA,NA,NA,NA
NATIONAL COUNTERINTELLIGENCE AND SECURITY CENTER,OFFICE OF THE DIRECTOR OF NATIONAL INTELLIGENCE,NCSC,NATIONAL COUNTERINTELLIGENCE AND SECURITY CENTER,NCSC,NA
NCSC,OFFICE OF THE DIRECTOR OF NATIONAL INTELLIGENCE,NCSC,NATIONAL COUNTERINTELLIGENCE AND SECURITY CENTER,NCSC,NA
NCSC,OFFICE OF THE DIRECTOR OF NATIONAL INTELLIGENCE,NCSC,NATIONAL COUNTERINTELLIGENCE AND SECURITY CENTER,NCSC,NA
"ODNI, CIA",OFFICE OF THE DIRECTOR OF NATIONAL INTELLIGENCE,ODNI,NATIONAL COUNTERINTELLIGENCE AND SECURITY CENTER,ODNI,NA
"ODNI, CIA",OFFICE OF THE DIRECTOR OF NATIONAL INTELLIGENCE,ODNI,NATIONAL COUNTERINTELLIGENCE AND SECURITY CENTER,ODNI,NA
"ODNI, CIA",OFFICE OF THE DIRECTOR OF NATIONAL INTELLIGENCE,ODNI,NATIONAL COUNTERINTELLIGENCE AND SECURITY CENTER,ODNI,NA
MEDIA AGENCIES,UNITED STATES AGENCY FOR GLOBAL MEDIA,USAGM,UNITED STATES AGENCY FOR GLOBAL MEDIA,USAGM,NA
VOA,UNITED STATES AGENCY FOR GLOBAL MEDIA,USAGM,VOICE OF AMERICA,VOA,NA
OIG,OFFICE OF INSPECTOR GENERAL,OIG,OFFICE OF INSPECTOR GENERAL,OIG,NA
OIG,OFFICE OF INSPECTOR GENERAL,OIG,OFFICE OF INSPECTOR GENERAL,OIG,NA
OIG,OFFICE OF INSPECTOR GENERAL,OIG,OFFICE OF INSPECTOR GENERAL,OIG,NA
CORPORATION FOR PUBLIC BROADCASTING,CORPORATION FOR PUBLIC BROADCASTING,CPB,PBS?,PBS?,NA
NPR,CORPORATION FOR PUBLIC BROADCASTING,CPB,NPR,NPR,NA
NPR,CORPORATION FOR PUBLIC BROADCASTING,CPB,NPR,NPR,NA
AGENCY FOR INTERNATIONAL DEVELOPMENT,UNITED STATES AGENCY FOR INTERNATIONAL DEVELOPMENT,USAID,UNITED STATES AGENCY FOR INTERNATIONAL DEVELOPMENT,USAID,NA
USAID,UNITED STATES AGENCY FOR INTERNATIONAL DEVELOPMENT,USAID,UNITED STATES AGENCY FOR INTERNATIONAL DEVELOPMENT,USAID,NA
USAID,UNITED STATES AGENCY FOR INTERNATIONAL DEVELOPMENT,USAID,UNITED STATES AGENCY FOR INTERNATIONAL DEVELOPMENT,USAID,NA
PLGHA,UNITED STATES AGENCY FOR INTERNATIONAL DEVELOPMENT,USAID,UNITED STATES AGENCY FOR INTERNATIONAL DEVELOPMENT,USAID,NA
OTHER OFFICES AND BUREAUS,UNITED STATES AGENCY FOR INTERNATIONAL DEVELOPMENT,USAID,UNITED STATES AGENCY FOR INTERNATIONAL DEVELOPMENT,USAID,NA
USAID,UNITED STATES AGENCY FOR INTERNATIONAL DEVELOPMENT,USAID,UNITED STATES AGENCY FOR INTERNATIONAL DEVELOPMENT,USAID,NA
PEPFAR,DEPARTMENT OF STATE,STATE,OFFICE OF THE U.S. GLOBAL AIDS COORDINATOR AND HEALTH DIPLOMACY,OGAC,NA
THE GENERAL WELFARE,NA,NA,NA,NA,NA
THE GENERAL WELFARE,NA,NA,NA,NA,NA
HHS,DEPARTMENT OF HEALTH AND HUMAN SERVICES,HHS,DEPARTMENT OF HEALTH AND HUMAN SERVICES,HHS,NA
HHS,DEPARTMENT OF HEALTH AND HUMAN SERVICES,HHS,DEPARTMENT OF HEALTH AND HUMAN SERVICES,HHS,NA
HHS,DEPARTMENT OF HEALTH AND HUMAN SERVICES,HHS,DEPARTMENT OF HEALTH AND HUMAN SERVICES,HHS,NA
HHS,DEPARTMENT OF HEALTH AND HUMAN SERVICES,HHS,DEPARTMENT OF HEALTH AND HUMAN SERVICES,HHS,NA
HHS,DEPARTMENT OF HEALTH AND HUMAN SERVICES,HHS,DEPARTMENT OF HEALTH AND HUMAN SERVICES,HHS,NA
HHS,DEPARTMENT OF HEALTH AND HUMAN SERVICES,HHS,DEPARTMENT OF HEALTH AND HUMAN SERVICES,HHS,NA
HHS,DEPARTMENT OF HEALTH AND HUMAN SERVICES,HHS,DEPARTMENT OF HEALTH AND HUMAN SERVICES,HHS,NA
DEPARTMENT OF AGRICULTURE,DEPARTMENT OF AGRICULTURE,USDA,DEPARTMENT OF AGRICULTURE,USDA,NA
CCC,DEPARTMENT OF AGRICULTURE,USDA,DEPARTMENT OF AGRICULTURE,USDA,NA
CBO,DEPARTMENT OF AGRICULTURE,USDA,DEPARTMENT OF AGRICULTURE,USDA,NA
CBO,DEPARTMENT OF AGRICULTURE,USDA,DEPARTMENT OF AGRICULTURE,USDA,NA
CBO,DEPARTMENT OF AGRICULTURE,USDA,DEPARTMENT OF AGRICULTURE,USDA,NA
DEPARTMENT OF EDUCATION,DEPARTMENT OF EDUCATION,ED,DEPARTMENT OF EDUCATION,ED,NA
DEPARTMENT OF EDUCATION,DEPARTMENT OF EDUCATION,ED,DEPARTMENT OF EDUCATION,ED,NA
DEPARTMENT OF EDUCATION,DEPARTMENT OF EDUCATION,ED,DEPARTMENT OF EDUCATION,ED,NA
OESE,DEPARTMENT OF EDUCATION,ED,OFFICE OF ELEMENTARY AND SECONDARY EDUCATION,OESE,NA
OESE,DEPARTMENT OF EDUCATION,ED,OFFICE OF ELEMENTARY AND SECONDARY EDUCATION,OESE,NA
OESE,DEPARTMENT OF EDUCATION,ED,OFFICE OF ELEMENTARY AND SECONDARY EDUCATION,OESE,NA
OESE,DEPARTMENT OF EDUCATION,ED,OFFICE OF ELEMENTARY AND SECONDARY EDUCATION,OESE,NA
OESE,DEPARTMENT OF EDUCATION,ED,OFFICE OF ELEMENTARY AND SECONDARY EDUCATION,OESE,NA
OESE,DEPARTMENT OF EDUCATION,ED,OFFICE OF ELEMENTARY AND SECONDARY EDUCATION,OESE,NA
OESE,DEPARTMENT OF EDUCATION,ED,OFFICE OF ELEMENTARY AND SECONDARY EDUCATION,OESE,NA
OCR,DEPARTMENT OF EDUCATION,ED,OCR,OCR,NA
OCR,DEPARTMENT OF EDUCATION,ED,OCR,OCR,NA
DEPARTMENT OF EDUCATION,DEPARTMENT OF EDUCATION,ED,DEPARTMENT OF EDUCATION,ED,NA
DEPARTMENT OF EDUCATION,DEPARTMENT OF EDUCATION,ED,DEPARTMENT OF EDUCATION,ED,NA
DEPARTMENT OF EDUCATION,DEPARTMENT OF EDUCATION,ED,DEPARTMENT OF EDUCATION,ED,NA
HIGHER EDUCATION REFORM,DEPARTMENT OF EDUCATION,ED,DEPARTMENT OF EDUCATION,ED,NA
HEA,DEPARTMENT OF EDUCATION,ED,DEPARTMENT OF EDUCATION,ED,NA
HEA,DEPARTMENT OF EDUCATION,ED,DEPARTMENT OF EDUCATION,ED,NA
DEPARTMENT OF ENERGY,DEPARTMENT OF ENERGY,DOE,DEPARTMENT OF ENERGY,DOE,NA
DOE,DEPARTMENT OF ENERGY,DOE,DEPARTMENT OF ENERGY,DOE,NA
"OFFICE OF CYBERSECURITY, ENERGY SECURITY, AND EMERGENCY RESPONSE",DEPARTMENT OF ENERGY,DOE,"OFFICE OF CYBERSECURITY, ENERGY SECURITY, AND EMERGENCY RESPONSE",CESER,NA
CESER,DEPARTMENT OF ENERGY,DOE,"OFFICE OF CYBERSECURITY, ENERGY SECURITY, AND EMERGENCY RESPONSE",CESER,NA
OFFICE OF ELECTRICITY,DEPARTMENT OF ENERGY,DOE,OFFICE OF ELECTRICITY,DOE-OE,NA
OFFICE OF NUCLEAR ENERGY,DEPARTMENT OF ENERGY,DOE,OFFICE OF NUCLEAR ENERGY,DOE-ONE,NA
OFFICE OF FOSSIL ENERGY AND CARBON MANAGEMENT,DEPARTMENT OF ENERGY,DOE,OFFICE OF FOSSIL ENERGY AND CARBON MANAGEMENT,FECM,NA
OFFICE OF ENERGY EFFICIENCY AND RENEWABLE ENERGY,DEPARTMENT OF ENERGY,DOE,OFFICE OF ENERGY EFFICIENCY AND RENEWABLE ENERGY,EERE,NA
EERE,DEPARTMENT OF ENERGY,DOE,OFFICE OF ENERGY EFFICIENCY AND RENEWABLE ENERGY,EERE,NA
GRID DEPLOYMENT OFFICE,DEPARTMENT OF ENERGY,DOE,GRID DEPLOYMENT OFFICE,GDO,NA
OFFICE OF CLEAN ENERGY DEMONSTRATION,DEPARTMENT OF ENERGY,DOE,OFFICE OF CLEAN ENERGY DEMONSTRATION,OCED,NA
LOAN PROGRAM OFFICE,DEPARTMENT OF ENERGY,DOE,LOAN PROGRAM OFFICE,LPO,NA
ADVANCED RESEARCH PROJECTS AGENCY,DEPARTMENT OF ENERGY,DOE,ADVANCED RESEARCH PROJECTS AGENCY,ARPA,NA
ARPA,DEPARTMENT OF ENERGY,DOE,ADVANCED RESEARCH PROJECTS AGENCY,ARPA,NA
FEDERAL ENERGY MANAGEMENT PROGRAM,DEPARTMENT OF ENERGY,DOE,FEDERAL ENERGY MANAGEMENT PROGRAM,FEMP,NA
FEMP,DEPARTMENT OF ENERGY,DOE,FEDERAL ENERGY MANAGEMENT PROGRAM,FEMP,NA
CLEAN ENERGY CORPS,DEPARTMENT OF ENERGY,DOE,CLEAN ENERGY CORPS,CEC,NA
ENERGY INFORMATION ADMINISTRATION,DEPARTMENT OF ENERGY,DOE,ENERGY INFORMATION ADMINISTRATION,EIA,NA
EIA,DEPARTMENT OF ENERGY,DOE,ENERGY INFORMATION ADMINISTRATION,EIA,NA
OFFICE OF INTERNATIONAL AFFAIRS,DEPARTMENT OF ENERGY,DOE,OFFICE OF INTERNATIONAL AFFAIRS,OIA,NA
OFFICE OF INTERNATIONAL AFFAIRS,DEPARTMENT OF ENERGY,DOE,OFFICE OF INTERNATIONAL AFFAIRS,OIA,NA
ARCTIC ENERGY OFFICE,DEPARTMENT OF ENERGY,DOE,ARCTIC ENERGY OFFICE,AEO,NA
OFFICE OF INTELLIGENCE AND COUNTERINTELLIGENCE,DEPARTMENT OF ENERGY,DOE,OFFICE OF INTELLIGENCE AND COUNTERINTELLIGENCE,OIC,"DOE-IN, DOE/IN, I&CI, OR OIC"
DOE,DEPARTMENT OF ENERGY,DOE,DEPARTMENT OF ENERGY,DOE,NA
OFFICE OF POLICY,DEPARTMENT OF ENERGY,DOE,OFFICE OF POLICY,NA,NA
OFFICE OF TECHNOLOGY TRANSITIONS,DEPARTMENT OF ENERGY,DOE,OFFICE OF TECHNOLOGY TRANSITIONS,OTT,NA
OFFICE OF TECHNOLOGY TRANSITIONS,DEPARTMENT OF ENERGY,DOE,OFFICE OF TECHNOLOGY TRANSITIONS,OTT,NA
OTT,DEPARTMENT OF ENERGY,DOE,OFFICE OF TECHNOLOGY TRANSITIONS,OTT,NA
OFFICE OF SCIENCE,DEPARTMENT OF ENERGY,DOE,OFFICE OF SCIENCE,NA,NA
OFFICE OF ENVIRONMENTAL MANAGEMENT,DEPARTMENT OF ENERGY,DOE,OFFICE OF ENVIRONMENTAL MANAGEMENT,OEM,NA
OFFICE OF CIVILIAN RADIOACTIVE WASTE MANAGEMENT,DEPARTMENT OF ENERGY,DOE,OFFICE OF CIVILIAN RADIOACTIVE WASTE MANAGEMENT,OCRWM,NA
NATIONAL NUCLEAR SECURITY ADMINISTRATION,DEPARTMENT OF ENERGY,DOE,NATIONAL NUCLEAR SECURITY ADMINISTRATION,NNSA,NA
NNSA,DEPARTMENT OF ENERGY,DOE,NATIONAL NUCLEAR SECURITY ADMINISTRATION,NNSA,NA
NNSA,DEPARTMENT OF ENERGY,DOE,NATIONAL NUCLEAR SECURITY ADMINISTRATION,NNSA,NA
NNSA,DEPARTMENT OF ENERGY,DOE,NATIONAL NUCLEAR SECURITY ADMINISTRATION,NNSA,NA
FERC,DEPARTMENT OF ENERGY,DOE,FERC,FERC,NA
LNG,DEPARTMENT OF ENERGY,DOE,OFFICE OF FOSSIL ENERGY AND CARBON MANAGEMENT,FECM,NA
NUCLEAR REGULATORY COMMISSION,NUCLEAR REGULATORY COMMISSION,NRC,NUCLEAR REGULATORY COMMISSION,NRC,NA
NUCLEAR REGULATORY COMMISSION,NUCLEAR REGULATORY COMMISSION,NRC,NUCLEAR REGULATORY COMMISSION,NRC,NA
NUCLEAR REGULATORY COMMISSION,NUCLEAR REGULATORY COMMISSION,NRC,NUCLEAR REGULATORY COMMISSION,NRC,NA
NUCLEAR REGULATORY COMMISSION,NUCLEAR REGULATORY COMMISSION,NRC,NUCLEAR REGULATORY COMMISSION,NRC,NA
ENVIRONMENTAL PROTECTION AGENCY,ENVIRONMENTAL PROTECTION AGENCY,EPA,ENVIRONMENTAL PROTECTION AGENCY,EPA,NA
EPA,ENVIRONMENTAL PROTECTION AGENCY,EPA,ENVIRONMENTAL PROTECTION AGENCY,EPA,NA
OFFICE OF AIR AND RADIATION,ENVIRONMENTAL PROTECTION AGENCY,EPA,OFFICE OF AIR AND RADIATION,OAR,NA
OAR,ENVIRONMENTAL PROTECTION AGENCY,EPA,OFFICE OF AIR AND RADIATION,OAR,NA
OAR,ENVIRONMENTAL PROTECTION AGENCY,EPA,OFFICE OF AIR AND RADIATION,OAR,NA
OAR,ENVIRONMENTAL PROTECTION AGENCY,EPA,OFFICE OF AIR AND RADIATION,OAR,NA
OAR,ENVIRONMENTAL PROTECTION AGENCY,EPA,OFFICE OF AIR AND RADIATION,OAR,NA
OFFICE OF WATER,ENVIRONMENTAL PROTECTION AGENCY,EPA,OFFICE OF WATER,OW,NA
OFFICE OF WATER,ENVIRONMENTAL PROTECTION AGENCY,EPA,OFFICE OF WATER,OW,NA
OFFICE OF LAND AND EMERGENCY MANAGEMENT,ENVIRONMENTAL PROTECTION AGENCY,EPA,OFFICE OF LAND AND EMERGENCY MANAGEMENT,OLEM,NA
OLEM,ENVIRONMENTAL PROTECTION AGENCY,EPA,OFFICE OF LAND AND EMERGENCY MANAGEMENT,OLEM,NA
RCRA,ENVIRONMENTAL PROTECTION AGENCY,EPA,RESOURCE CONSERVATION AND RECOVERY,RCRA,NA
OFFICE OF CHEMICAL SAFETY AND POLLUTION PREVENTION,ENVIRONMENTAL PROTECTION AGENCY,EPA,OFFICE OF CHEMICAL SAFETY AND POLLUTION PREVENTION,OCSPP,NA
OCSPP,ENVIRONMENTAL PROTECTION AGENCY,EPA,OFFICE OF CHEMICAL SAFETY AND POLLUTION PREVENTION,OCSPP,NA
OCSPP,ENVIRONMENTAL PROTECTION AGENCY,EPA,OFFICE OF CHEMICAL SAFETY AND POLLUTION PREVENTION,OCSPP,NA
OPPT,ENVIRONMENTAL PROTECTION AGENCY,EPA,OFFICE OF POLLUTION PREVENTION AND TOXICS,OPPT,NA
OFFICE OF RESEARCH AND DEVELOPMENT,ENVIRONMENTAL PROTECTION AGENCY,EPA,OFFICE OF RESEARCH AND DEVELOPMENT,ORD,NA
ORD,ENVIRONMENTAL PROTECTION AGENCY,EPA,OFFICE OF RESEARCH AND DEVELOPMENT,ORD,NA
EPA,ENVIRONMENTAL PROTECTION AGENCY,EPA,ENVIRONMENTAL PROTECTION AGENCY,EPA,NA
AMERICAN INDIAN OFFICE,ENVIRONMENTAL PROTECTION AGENCY,EPA,AMERICAN INDIAN OFFICE,AIO,NA
AIO,ENVIRONMENTAL PROTECTION AGENCY,EPA,AMERICAN INDIAN OFFICE,AIO,NA
EPA OFFICE OF LEGISLATIVE AFFAIRS,ENVIRONMENTAL PROTECTION AGENCY,EPA,OFFICE OF GENERAL COUNSEL,OGC,NA
EPA OGC,ENVIRONMENTAL PROTECTION AGENCY,EPA,OFFICE OF GENERAL COUNSEL,OGC,NA
OFFICE OF SUPPORT,ENVIRONMENTAL PROTECTION AGENCY,EPA,OFFICE OF SUPPORT,NA,NA
OMS,ENVIRONMENTAL PROTECTION AGENCY,EPA,OMS,OMS,NA
EPA,ENVIRONMENTAL PROTECTION AGENCY,EPA,ENVIRONMENTAL PROTECTION AGENCY,EPA,NA
OFFICE OF THE CHIEF FINANCIAL OFFICER,ENVIRONMENTAL PROTECTION AGENCY,EPA,OFFICE OF THE CHIEF FINANCIAL OFFICER,OCFO,NA
OCFO,ENVIRONMENTAL PROTECTION AGENCY,EPA,OFFICE OF THE CHIEF FINANCIAL OFFICER,OCFO,NA
OCFO,ENVIRONMENTAL PROTECTION AGENCY,EPA,OFFICE OF THE CHIEF FINANCIAL OFFICER,OCFO,NA
DEPARTMENT OF HEALTH AND HUMAN SERVICES,DEPARTMENT OF HEALTH AND HUMAN SERVICES,HHS,DEPARTMENT OF HEALTH AND HUMAN SERVICES,HHS,NA
CENTERS FOR DISEASE CONTROL AND PREVENTION,DEPARTMENT OF HEALTH AND HUMAN SERVICES,CDC,CENTERS FOR DISEASE CONTROL AND PREVENTION,CDC,NA
CDC,DEPARTMENT OF HEALTH AND HUMAN SERVICES,CDC,CENTERS FOR DISEASE CONTROL AND PREVENTION,CDC,NA
FOOD AND DRUG ADMINISTRATION,FOOD AND DRUG ADMINISTRATION,FDA,FOOD AND DRUG ADMINISTRATION,FDA,NA
NATIONAL INSTITUTES OF HEALTH,DEPARTMENT OF HEALTH AND HUMAN SERVICES,NIH,NATIONAL INSTITUTES OF HEALTH,NIH,NA
NIH,DEPARTMENT OF HEALTH AND HUMAN SERVICES,NIH,NATIONAL INSTITUTES OF HEALTH,NIH,NA
CENTERS FOR MEDICARE AND MEDICAID SERVICES,DEPARTMENT OF HEALTH AND HUMAN SERVICES,HHS,CENTERS FOR MEDICARE AND MEDICAID SERVICES,CMS,NA
CMS,DEPARTMENT OF HEALTH AND HUMAN SERVICES,HHS,CENTERS FOR MEDICARE AND MEDICAID SERVICES,CMS,NA
CMS,DEPARTMENT OF HEALTH AND HUMAN SERVICES,HHS,CENTERS FOR MEDICARE AND MEDICAID SERVICES,CMS,NA
HHS/CMS,DEPARTMENT OF HEALTH AND HUMAN SERVICES,HHS,CENTERS FOR MEDICARE AND MEDICAID SERVICES,CMS,NA
ADMINISTRATION FOR CHILDREN AND FAMILIES,DEPARTMENT OF HEALTH AND HUMAN SERVICES,HHS,ADMINISTRATION FOR CHILDREN AND FAMILIES,ACF,NA
TANF,DEPARTMENT OF HEALTH AND HUMAN SERVICES,HHS,TANF,TANF,NA
HHS,DEPARTMENT OF HEALTH AND HUMAN SERVICES,HHS,DEPARTMENT OF HEALTH AND HUMAN SERVICES,HHS,NA
ORR,DEPARTMENT OF HEALTH AND HUMAN SERVICES,HHS,ORR,ORR,NA
"ADMINISTRATION ON CHILDREN, YOUTH, AND FAMILIES",DEPARTMENT OF HEALTH AND HUMAN SERVICES,HHS,"ADMINISTRATION ON CHILDREN, YOUTH, AND FAMILIES",ACYF,NA
OFFICE OF HEAD START,DEPARTMENT OF HEALTH AND HUMAN SERVICES,HHS,OFFICE OF HEAD START,OHS,NA
ADMINISTRATION FOR COMMUNITY LIVING,DEPARTMENT OF HEALTH AND HUMAN SERVICES,HHS,ADMINISTRATION FOR COMMUNITY LIVING,ACL,NA
HRSA,DEPARTMENT OF HEALTH AND HUMAN SERVICES,HHS,HEALTH RESOURCES AND SERVICES ADMINISTRATION,HRSA,NA
INDIAN HEALTH SERVICE,DEPARTMENT OF HEALTH AND HUMAN SERVICES,HHS,INDIAN HEALTH SERVICE,IHS,NA
RURAL HEALTH,DEPARTMENT OF HEALTH AND HUMAN SERVICES,HHS,HEALTH RESOURCES AND SERVICES ADMINISTRATION,HRSA,NA
RURAL HEALTH,DEPARTMENT OF HEALTH AND HUMAN SERVICES,HHS,HEALTH RESOURCES AND SERVICES ADMINISTRATION,HRSA,NA
OFFICE OF THE ASSISTANT SECRETARY FOR HEALTH,DEPARTMENT OF HEALTH AND HUMAN SERVICES,HHS,OFFICE OF THE ASSISTANT SECRETARY FOR HEALTH,HHS,NA
USPHS,DEPARTMENT OF HEALTH AND HUMAN SERVICES,HHS,USPHS,USPHS,NA
HHS,DEPARTMENT OF HEALTH AND HUMAN SERVICES,HHS,DEPARTMENT OF HEALTH AND HUMAN SERVICES,HHS,NA
ADMINISTRATION FOR STRATEGIC PREPAREDNESS AND RESPONSE,DEPARTMENT OF HEALTH AND HUMAN SERVICES,HHS,ADMINISTRATION FOR STRATEGIC PREPAREDNESS AND RESPONSE,ASPR,NA
ASPR,DEPARTMENT OF HEALTH AND HUMAN SERVICES,HHS,ADMINISTRATION FOR STRATEGIC PREPAREDNESS AND RESPONSE,ASPR,NA
OFFICE OF GENERAL COUNSEL,DEPARTMENT OF HEALTH AND HUMAN SERVICES,HHS,OFFICE OF GENERAL COUNSEL,OGC,NA
OFFICE OF GLOBAL AFFAIRS,DEPARTMENT OF HEALTH AND HUMAN SERVICES,HHS,OFFICE OF GLOBAL AFFAIRS,OGA,NA
OFFICE FOR CIVIL RIGHTS,DEPARTMENT OF HEALTH AND HUMAN SERVICES,HHS,OFFICE FOR CIVIL RIGHTS,OCR,NA
OFFICE FOR CIVIL RIGHTS,DEPARTMENT OF HEALTH AND HUMAN SERVICES,HHS,OFFICE FOR CIVIL RIGHTS,OCR,NA
OFFICE FOR CIVIL RIGHTS,DEPARTMENT OF HEALTH AND HUMAN SERVICES,HHS,OFFICE FOR CIVIL RIGHTS,OCR,NA
OFFICE FOR CIVIL RIGHTS,DEPARTMENT OF HEALTH AND HUMAN SERVICES,HHS,OFFICE FOR CIVIL RIGHTS,OCR,NA
OFFICE FOR CIVIL RIGHTS,DEPARTMENT OF HEALTH AND HUMAN SERVICES,HHS,OFFICE FOR CIVIL RIGHTS,OCR,NA
DEPARTMENT OF HOUSING AND URBAN DEVELOPMENT,DEPARTMENT OF HOUSING AND URBAN DEVELOPMENT,HUD,DEPARTMENT OF HOUSING AND URBAN DEVELOPMENT,HUD,NA
HUD,DEPARTMENT OF HOUSING AND URBAN DEVELOPMENT,HUD,DEPARTMENT OF HOUSING AND URBAN DEVELOPMENT,HUD,NA
HUD,DEPARTMENT OF HOUSING AND URBAN DEVELOPMENT,HUD,DEPARTMENT OF HOUSING AND URBAN DEVELOPMENT,HUD,NA
HUD,DEPARTMENT OF HOUSING AND URBAN DEVELOPMENT,HUD,DEPARTMENT OF HOUSING AND URBAN DEVELOPMENT,HUD,NA
HUD,DEPARTMENT OF HOUSING AND URBAN DEVELOPMENT,HUD,DEPARTMENT OF HOUSING AND URBAN DEVELOPMENT,HUD,NA
HUD,DEPARTMENT OF HOUSING AND URBAN DEVELOPMENT,HUD,DEPARTMENT OF HOUSING AND URBAN DEVELOPMENT,HUD,NA
HUD,DEPARTMENT OF HOUSING AND URBAN DEVELOPMENT,HUD,DEPARTMENT OF HOUSING AND URBAN DEVELOPMENT,HUD,NA
DEPARTMENT OF THE INTERIOR,DEPARTMENT OF THE INTERIOR,DOI,DEPARTMENT OF THE INTERIOR,DOI,NA
DOI,DEPARTMENT OF THE INTERIOR,DOI,DEPARTMENT OF THE INTERIOR,DOI,NA
DOI,DEPARTMENT OF THE INTERIOR,DOI,DEPARTMENT OF THE INTERIOR,DOI,NA
BLM,DEPARTMENT OF THE INTERIOR,DOI,BUREAU OF LAND MANAGEMENT,BLM,NA
NEPA,EXECUTIVE OFFICE OF THE PRESIDENT,EOP,COUNCIL ON ENVIRONMENTAL QUALITY,CEQ,NA
FEIS,DEPARTMENT OF AGRICULTURE,USDA,US FOREST SERVICE,USFS,NA
DEPARTMENT OF JUSTICE,DEPARTMENT OF JUSTICE,DOJ,DEPARTMENT OF JUSTICE,DOJ,NA
DEPARTMENT OF JUSTICE,DEPARTMENT OF JUSTICE,DOJ,DEPARTMENT OF JUSTICE,DOJ,NA
DEFENDING THE RULE OF LAW,DEPARTMENT OF JUSTICE,DOJ,DEPARTMENT OF JUSTICE,DOJ,NA
HAVA,ELECTION ASSISTANCE COMMISSION,HAVA,ELECTION ASSISTANCE COMMISSION,EAC,NA
HAVA,ELECTION ASSISTANCE COMMISSION,HAVA,ELECTION ASSISTANCE COMMISSION,EAC,NA
HAVA,ELECTION ASSISTANCE COMMISSION,HAVA,ELECTION ASSISTANCE COMMISSION,EAC,NA
HAVA,ELECTION ASSISTANCE COMMISSION,HAVA,ELECTION ASSISTANCE COMMISSION,EAC,NA
HAVA,ELECTION ASSISTANCE COMMISSION,HAVA,ELECTION ASSISTANCE COMMISSION,EAC,NA
DEPARTMENT OF LABOR,DEPARTMENT OF LABOR,DOL,"OFFICE OF THE SECRETARY, U.S. DEPARTMENT OF LABOR",DOL,NA
DEPARTMENT OF LABOR,DEPARTMENT OF LABOR,DOL,"OFFICE OF THE SECRETARY, U.S. DEPARTMENT OF LABOR",DOL,NA
PRO,DEPARTMENT OF LABOR,DOL,"OFFICE OF THE SECRETARY, U.S. DEPARTMENT OF LABOR",DOL,NA
PRO,DEPARTMENT OF LABOR,DOL,"OFFICE OF THE SECRETARY, U.S. DEPARTMENT OF LABOR",DOL,NA
WORKER VOICE AND COLLECTIVE BARGAINING,DEPARTMENT OF LABOR,DOL,"OFFICE OF THE SECRETARY, U.S. DEPARTMENT OF LABOR",DOL,NA
WORKER VOICE AND COLLECTIVE BARGAINING,DEPARTMENT OF LABOR,DOL,"OFFICE OF THE SECRETARY, U.S. DEPARTMENT OF LABOR",DOL,NA
THE STATES,DEPARTMENT OF LABOR,DOL,"OFFICE OF THE SECRETARY, U.S. DEPARTMENT OF LABOR",DOL,NA
"WORKER RETIREMENT SAVINGS, ESG, AND PENSION REFORMS",DEPARTMENT OF LABOR,DOL,"OFFICE OF THE SECRETARY, U.S. DEPARTMENT OF LABOR",DOL,NA
PENSION REFORMS,DEPARTMENT OF LABOR,DOL,"OFFICE OF THE SECRETARY, U.S. DEPARTMENT OF LABOR",DOL,NA
INTERNATIONAL LABOR POLICY,DEPARTMENT OF LABOR,DOL,"OFFICE OF THE SECRETARY, U.S. DEPARTMENT OF LABOR",DOL,NA
ORGANIZATIONAL AGENDA,DEPARTMENT OF LABOR,DOL,"OFFICE OF THE SECRETARY, U.S. DEPARTMENT OF LABOR",DOL,NA
DOL,DEPARTMENT OF LABOR,DOL,"OFFICE OF THE SECRETARY, U.S. DEPARTMENT OF LABOR",DOL,NA
NA,DEPARTMENT OF LABOR,DOL,EQUAL EMPLOYMENT OPPORTUNITY COMMISSION,EEOC,NA
DEPARTMENT OF TRANSPORTATION,DEPARTMENT OF TRANSPORTATION,DOT,DEPARTMENT OF TRANSPORTATION,DOT,NA
DOT,DEPARTMENT OF TRANSPORTATION,DOT,DEPARTMENT OF TRANSPORTATION,DOT,NA
NHTSA,DEPARTMENT OF TRANSPORTATION,DOT,NHTSA,NHTSA,NA
CORPORATE AVERAGE FUEL ECONOMY,DEPARTMENT OF TRANSPORTATION,DOT,NHTSA,NHTSA,NA
CORPORATE AVERAGE FUEL ECONOMY,DEPARTMENT OF TRANSPORTATION,DOT,NHTSA,NHTSA,NA
FEDERAL HIGHWAY ADMINISTRATION,DEPARTMENT OF TRANSPORTATION,DOT,FEDERAL HIGHWAY ADMINISTRATION,FHA,NA
AVIATION,DEPARTMENT OF TRANSPORTATION,DOT,FEDERAL AVIATION ADMINISTRATION,FAA,NA
FEDERAL AVIATION ADMINISTRATION,DEPARTMENT OF TRANSPORTATION,DOT,FEDERAL AVIATION ADMINISTRATION,FAA,NA
FEDERAL TRANSIT POLICY,DEPARTMENT OF TRANSPORTATION,DOT,FEDERAL TRANSIT POLICY,NA,NA
FEDERAL RAILROAD POLICY,DEPARTMENT OF TRANSPORTATION,DOT,FEDERAL RAILROAD ADMINISTRATION,FRA,NA
FRA,DEPARTMENT OF TRANSPORTATION,DOT,FEDERAL RAILROAD ADMINISTRATION,FRA,NA
MARITIME POLICY,DEPARTMENT OF TRANSPORTATION,DOT,UNITED STATES MARITIME ADMINISTRATION,MARAD,NA
MARAD,DEPARTMENT OF TRANSPORTATION,DOT,UNITED STATES MARITIME ADMINISTRATION,MARAD,NA
MARAD,DEPARTMENT OF TRANSPORTATION,DOT,UNITED STATES MARITIME ADMINISTRATION,MARAD,NA
MARAD,DEPARTMENT OF TRANSPORTATION,DOT,UNITED STATES MARITIME ADMINISTRATION,MARAD,NA
DEPARTMENT OF VETERANS AFFAIRS,DEPARTMENT OF VETERANS AFFAIRS,VA,DEPARTMENT OF VETERANS AFFAIRS,VA,NA
DEPARTMENTAL HISTORY,DEPARTMENT OF VETERANS AFFAIRS,VA,DEPARTMENT OF VETERANS AFFAIRS,VA,NA
DEPARTMENTAL HISTORY,DEPARTMENT OF VETERANS AFFAIRS,VA,DEPARTMENT OF VETERANS AFFAIRS,VA,NA
VETERANS HEALTH ADMINISTRATION,DEPARTMENT OF VETERANS AFFAIRS,VA,VETERANS HEALTH ADMINISTRATION,VHA,NA
VHA,DEPARTMENT OF VETERANS AFFAIRS,VA,VETERANS HEALTH ADMINISTRATION,VHA,NA
VHA,DEPARTMENT OF VETERANS AFFAIRS,VA,VETERANS HEALTH ADMINISTRATION,VHA,NA
VHA,DEPARTMENT OF VETERANS AFFAIRS,VA,VETERANS HEALTH ADMINISTRATION,VHA,NA
VETERANS BENEFITS ADMINISTRATION,DEPARTMENT OF VETERANS AFFAIRS,VA,VETERANS BENEFITS ADMINISTRATION,VBA,NA
HUMAN RES AND ADMINISTRATION,DEPARTMENT OF VETERANS AFFAIRS,VA,OFFICE OF HUMAN RESOURCES AND ADMINISTRATION,HRA,NA
HUMAN RES AND ADMINISTRATION,DEPARTMENT OF VETERANS AFFAIRS,VA,OFFICE OF HUMAN RESOURCES AND ADMINISTRATION,HRA,NA
DEPARTMENT OF COMMERCE,DEPARTMENT OF COMMERCE,DOC,DEPARTMENT OF COMMERCE,DOC,NA
COMMERCE,DEPARTMENT OF COMMERCE,DOC,DEPARTMENT OF COMMERCE,DOC,NA
COMMERCE,DEPARTMENT OF COMMERCE,DOC,DEPARTMENT OF COMMERCE,DOC,NA
INTERNATIONAL TRADE ADMINISTRATION,DEPARTMENT OF COMMERCE,DOC,INTERNATIONAL TRADE ADMINISTRATION,ITA,NA
INTERNATIONAL TRADE ADMINISTRATION,DEPARTMENT OF COMMERCE,DOC,INTERNATIONAL TRADE ADMINISTRATION,ITA,NA
BUREAU OF INDUSTRY AND SECURITY,DEPARTMENT OF COMMERCE,DOC,BUREAU OF INDUSTRY AND SECURITY,BIS,NA
EAR,DEPARTMENT OF COMMERCE,DOC,EAR,EAR,NA
BIS,DEPARTMENT OF COMMERCE,DOC,BUREAU OF INDUSTRY AND SECURITY,BIS,NA
NATIONAL OCEANIC AND ATMOSPHERIC ADMINISTRATION,DEPARTMENT OF COMMERCE,DOC,NATIONAL OCEANIC AND ATMOSPHERIC ADMINISTRATION,NOAA,NA
NOAA,DEPARTMENT OF COMMERCE,DOC,NATIONAL OCEANIC AND ATMOSPHERIC ADMINISTRATION,NOAA,NA
BUREAU OF ECONOMIC THE OFFICE OF THE UNDERSECRETARY FOR ECONOMIC AFFAIRS,DEPARTMENT OF COMMERCE,DOC,BUREAU OF ECONOMIC THE OFFICE OF THE UNDERSECRETARY FOR ECONOMIC AFFAIRS,BEA,NA
BEA,DEPARTMENT OF COMMERCE,DOC,BUREAU OF ECONOMIC THE OFFICE OF THE UNDERSECRETARY FOR ECONOMIC AFFAIRS,BEA,NA
BEA,DEPARTMENT OF COMMERCE,DOC,BUREAU OF ECONOMIC THE OFFICE OF THE UNDERSECRETARY FOR ECONOMIC AFFAIRS,BEA,NA
CENSUS BUREAU,DEPARTMENT OF COMMERCE,DOC,CENSUS BUREAU,Census Bureau,NA
CENSUS BUREAU,DEPARTMENT OF COMMERCE,DOC,CENSUS BUREAU,Census Bureau,NA
ECONOMIC DEVELOPMENT ADMINISTRATION,DEPARTMENT OF COMMERCE,DOC,ECONOMIC DEVELOPMENT ADMINISTRATION,EDA,NA
MINORITY BUSINESS DEVELOPMENT AGENCY,DEPARTMENT OF COMMERCE,DOC,MINORITY BUSINESS DEVELOPMENT AGENCY,MBDA,NA
MBDA,DEPARTMENT OF COMMERCE,DOC,MINORITY BUSINESS DEVELOPMENT AGENCY,MBDA,NA
NATIONAL INSTITUTE OF STANDARDS AND TECHNOLOGY,DEPARTMENT OF HEALTH AND HUMAN SERVICES,HHS,NATIONAL INSTITUTE OF STANDARDS AND TECHNOLOGY,NIST,NA
NATIONAL TELECOMMUNICATIONS AND INFORMATION SERVICE,DEPARTMENT OF HEALTH AND HUMAN SERVICES,HHS,NATIONAL TELECOMMUNICATIONS AND INFORMATION ADMINISTRATION,NTIA,NA
NATIONAL TELECOMMUNICATIONS AND INFORMATION ADMINISTRATION,DEPARTMENT OF HEALTH AND HUMAN SERVICES,HHS,NATIONAL TELECOMMUNICATIONS AND INFORMATION ADMINISTRATION,NTIA,NA
DEPARTMENT OF THE TREASURY,DEPARTMENT OF THE TREASURY,Treasury,DEPARTMENT OF THE TREASURY,Treasury,NA
TREASURY DEPARTMENT,DEPARTMENT OF THE TREASURY,Treasury,DEPARTMENT OF THE TREASURY,Treasury,NA
TAX POLICY,DEPARTMENT OF THE TREASURY,IRS,INTERNAL REVENUE SERVICE,IRS,NA
TAX ADMINISTRATION,DEPARTMENT OF THE TREASURY,IRS,INTERNAL REVENUE SERVICE,IRS,NA
TAXPAYER RIGHTS AND PRIVACY,DEPARTMENT OF THE TREASURY,IRS,INTERNAL REVENUE SERVICE,IRS,NA
INTERNATIONAL AFFAIRS,DEPARTMENT OF THE TREASURY,NA,NA,NA,NA
FISCAL RESPONSIBILITY,DEPARTMENT OF THE TREASURY,NA,NA,NA,NA
INTERNATIONAL COMPETITIVENESS,DEPARTMENT OF THE TREASURY,NA,NA,NA,NA
CHINA AND OTHER GEOPOLITICAL THREATS,DEPARTMENT OF THE TREASURY,NA,NA,NA,NA
CFIUS,DEPARTMENT OF THE TREASURY,CFIUS,COMMITTEE ON FOREIGN INVESTMENT IN THE UNITED STATES,CFIUS,NA
CFIUS,DEPARTMENT OF THE TREASURY,CFIUS,COMMITTEE ON FOREIGN INVESTMENT IN THE UNITED STATES,CFIUS,NA
IMPROVED FINANCIAL REGULATION,DEPARTMENT OF THE TREASURY,NA,NA,NA,NA
THE “EQUITY” AGENDA,DEPARTMENT OF THE TREASURY,NA,NA,NA,NA
CLIMATE,DEPARTMENT OF THE TREASURY,NA,NA,NA,NA
EXPORT,EXPORT-IMPORT BANK OF THE UNITED STATES,EXIM,EXPORT-IMPORT BANK OF THE UNITED STATES,EXIM,NA
THE EXPORT,EXPORT-IMPORT BANK OF THE UNITED STATES,EXIM,EXPORT-IMPORT BANK OF THE UNITED STATES,EXIM,NA
EXIM,EXPORT-IMPORT BANK OF THE UNITED STATES,EXIM,EXPORT-IMPORT BANK OF THE UNITED STATES,EXIM,NA
FAILING TO MEET THE CHINA CHALLENGE,NA,NA,NA,NA,NA
THE CASE FOR THE EXPORT,NA,NA,NA,NA,NA
FEDERAL RESERVE,FEDERAL RESERVE,FED,FEDERAL RESERVE,NA,NA
NGDP,DEPARTMENT OF THE TREASURY,Treasury,NGDP,NGDP,NA
SMALL BUSINESS ADMINISTRATION,SMALL BUSINESS ADMINISTRATION,SBA,SMALL BUSINESS ADMINISTRATION,NA,NA
SBA,SMALL BUSINESS ADMINISTRATION,SBA,SMALL BUSINESS ADMINISTRATION,NA,NA
"ORIGIN, HISTORY, AND CORE FUNCTIONS",SMALL BUSINESS ADMINISTRATION,SBA,SMALL BUSINESS ADMINISTRATION,NA,NA
BUDGETARY FLUCTUATION,SMALL BUSINESS ADMINISTRATION,SBA,SMALL BUSINESS ADMINISTRATION,NA,NA
HISTORY OF MISMANAGEMENT,SMALL BUSINESS ADMINISTRATION,SBA,SMALL BUSINESS ADMINISTRATION,NA,NA
THE SBA IN A CONSERVATIVE ADMINISTRATION,SMALL BUSINESS ADMINISTRATION,SBA,SMALL BUSINESS ADMINISTRATION,NA,NA
RFA,UNITED STATES AGENCY FOR GLOBAL MEDIA,USAGM,RADIO FREE ASIA,RFA,NA
RFA,UNITED STATES AGENCY FOR GLOBAL MEDIA,USAGM,RADIO FREE ASIA,RFA,NA
SBIR,DEPARTMENT OF JUSTICE,SBIR,SBIR,NA,NA
SBA,SMALL BUSINESS ADMINISTRATION,SBA,SMALL BUSINESS ADMINISTRATION,NA,NA
SBA,SMALL BUSINESS ADMINISTRATION,SBA,SMALL BUSINESS ADMINISTRATION,NA,NA
TRADE,US TRADE REPRESENTATIVE,USTR,USTR,USTR,NA
THE CASE FOR FAIR TRADE,NA,NA,NA,NA,NA
LAYING THE TRADE DEFICIT PREDICATE,NA,NA,NA,NA,NA
CHALLENGE #1,NA,NA,NA,NA,NA
REDUCTION IN U S TRADE DEFICIT WITH WORLD,NA,NA,NA,NA,NA
AVERAGE MOST,NA,NA,NA,NA,NA
"BILATERAL TRADE DEFICIT, 2018, IN BILLIONS OF",NA,NA,NA,NA,NA
SCENARIO ONE,NA,NA,NA,NA,NA
SCENARIO TWO,NA,NA,NA,NA,NA
CHALLENGE #2,NA,NA,NA,NA,NA
CHALLENGE #2,NA,NA,NA,NA,NA
THE CASE FOR FREE TRADE,NA,NA,NA,NA,NA
"REAL GROSS DOMESTIC PRODUCT PER CAPITA, IN CHAINED 2012 DOLLARS, SEASONALLY ADJUSTED ANNUAL RATE",NA,NA,NA,NA,NA
IMPLEMENTING THE CONSERVATIVE VISION,NA,NA,NA,NA,NA
IMPLEMENTING THE CONSERVATIVE VISION,NA,NA,NA,NA,NA
EXIM,EXPORT-IMPORT BANK OF THE UNITED STATES,EXIM,EXPORT-IMPORT BANK OF THE UNITED STATES,EXIM,NA
IPEF,US TRADE REPRESENTATIVE,USTR,USTR,USTR,NA
IPEF,US TRADE REPRESENTATIVE,USTR,USTR,USTR,NA
IPEF,US TRADE REPRESENTATIVE,USTR,USTR,USTR,NA
IPEF,US TRADE REPRESENTATIVE,USTR,USTR,USTR,NA
INDEPENDENT REGULATORY AGENCIES,INDEPENDENT REGULATORY AGENCIES,NA,NA,NA,NA
FINANCIAL REGULATORY AGENCIES,FINANCIAL REGULATORY AGENCIES,NA,NA,NA,NA
SECURITIES AND EXCHANGE COMMISSION,SECURITIES AND EXCHANGE COMMISSION,SEC,SECURITIES AND EXCHANGE COMMISSION,SEC,NA
SEC,SECURITIES AND EXCHANGE COMMISSION,SEC,SECURITIES AND EXCHANGE COMMISSION,SEC,NA
CFTC,COMMODITY FUTURES TRADING COMMISSION,CFTC,COMMODITY FUTURES TRADING COMMISSION,CFTC,NA
CONSUMER FINANCIAL PROTECTION BUREAU,CONSUMER FINANCIAL PROTECTION BUREAU,CFPB,CONSUMER FINANCIAL PROTECTION BUREAU,CFPB,NA
CONSUMER FINANCIAL PROTECTION BUREAU,CONSUMER FINANCIAL PROTECTION BUREAU,CFPB,CONSUMER FINANCIAL PROTECTION BUREAU,CFPB,NA
FEDERAL COMMUNICATIONS,FEDERAL COMMUNICATIONS COMMISSION,FCC,FCC,FCC,NA
COM,FEDERAL COMMUNICATIONS COMMISSION,FCC,FCC,FCC,NA
FCC,FEDERAL COMMUNICATIONS COMMISSION,FCC,FCC,FCC,NA
FCC,FEDERAL COMMUNICATIONS COMMISSION,FCC,FCC,FCC,NA
FEDERAL ELECTION COMMISSION,FEDERAL ELECTION COMMISSION,FEC,FEDERAL ELECTION COMMISSION,FEC,NA
FEDERAL ELECTION COMMISSION,FEDERAL ELECTION COMMISSION,FEC,FEDERAL ELECTION COMMISSION,FEC,NA
FEDERAL TRADE COMMISSION,FEDERAL TRADE COMMISSION,FTC,FEDERAL TRADE COMMISSION,FTC,NA
FTC,FEDERAL TRADE COMMISSION,FTC,FEDERAL TRADE COMMISSION,FTC,NA
NA,NA,NA,NA,NA,NA
ONWARD!,NA,NA,NA,NA,NA
